{
  "episode": 50,
  "total_episodes": 50,
  "best_score": 27.700000000000124,
  "average_score": 16.54799999999998,
  "training_time": 0.20868778228759766
}